{
    "configurations": [
        {
            "browse": {
                "limitSymbolsToIncludedHeaders": true
            },
            "compilerArgs": [
                "-stdlib=libc++"
            ],
            "compilerPath": "C:/msys64/clang64/bin/clang++.exe",
            "cppStandard": "c++17",
            "cStandard": "c17",
            "defines": [
                "BS_THREAD_POOL_NATIVE_EXTENSIONS"
            ],
            "includePath": [
                "${workspaceFolder}/**"
            ],
            "intelliSenseMode": "windows-clang-x64",
            "name": "Clang C++17"
        },
        {
            "browse": {
                "limitSymbolsToIncludedHeaders": true
            },
            "compilerArgs": [
                "-stdlib=libc++"
            ],
            "compilerPath": "C:/msys64/clang64/bin/clang++.exe",
            "cppStandard": "c++20",
            "cStandard": "c17",
            "defines": [
                "BS_THREAD_POOL_NATIVE_EXTENSIONS"
            ],
            "includePath": [
                "${workspaceFolder}/**"
            ],
            "intelliSenseMode": "windows-clang-x64",
            "name": "Clang C++20"
        },
        {
            "browse": {
                "limitSymbolsToIncludedHeaders": true
            },
            "compilerArgs": [
                "-stdlib=libc++"
            ],
            "compilerPath": "C:/msys64/clang64/bin/clang++.exe",
            "cppStandard": "c++23",
            "cStandard": "c23",
            "defines": [
                "BS_THREAD_POOL_NATIVE_EXTENSIONS"
            ],
            "includePath": [
                "${workspaceFolder}/**"
            ],
            "intelliSenseMode": "windows-clang-x64",
            "name": "Clang C++23"
        },
        {
            "browse": {
                "limitSymbolsToIncludedHeaders": true
            },
            "compilerPath": "C:/msys64/ucrt64/bin/g++.exe",
            "cppStandard": "c++17",
            "cStandard": "c17",
            "defines": [
                "BS_THREAD_POOL_NATIVE_EXTENSIONS"
            ],
            "includePath": [
                "${workspaceFolder}/**"
            ],
            "intelliSenseMode": "windows-gcc-x64",
            "name": "GCC C++17"
        },
        {
            "browse": {
                "limitSymbolsToIncludedHeaders": true
            },
            "compilerPath": "C:/msys64/ucrt64/bin/g++.exe",
            "cppStandard": "c++20",
            "cStandard": "c17",
            "defines": [
                "BS_THREAD_POOL_NATIVE_EXTENSIONS"
            ],
            "includePath": [
                "${workspaceFolder}/**"
            ],
            "intelliSenseMode": "windows-gcc-x64",
            "name": "GCC C++20"
        },
        {
            "browse": {
                "limitSymbolsToIncludedHeaders": true
            },
            "compilerPath": "C:/msys64/ucrt64/bin/g++.exe",
            "cppStandard": "c++23",
            "cStandard": "c23",
            "defines": [
                "BS_THREAD_POOL_NATIVE_EXTENSIONS"
            ],
            "includePath": [
                "${workspaceFolder}/**"
            ],
            "intelliSenseMode": "windows-gcc-x64",
            "name": "GCC C++23"
        },
        {
            "browse": {
                "limitSymbolsToIncludedHeaders": true
            },
            "compilerPath": "C:/Program Files/Microsoft Visual Studio/2022/Community/VC/Tools/MSVC/14.42.34433/bin/Hostx64/x64/cl.exe",
            "cppStandard": "c++17",
            "cStandard": "c17",
            "defines": [
                "BS_THREAD_POOL_NATIVE_EXTENSIONS"
            ],
            "includePath": [
                "${workspaceFolder}/**"
            ],
            "intelliSenseMode": "windows-msvc-x64",
            "name": "MSVC C++17"
        },
        {
            "browse": {
                "limitSymbolsToIncludedHeaders": true
            },
            "compilerPath": "C:/Program Files/Microsoft Visual Studio/2022/Community/VC/Tools/MSVC/14.42.34433/bin/Hostx64/x64/cl.exe",
            "cppStandard": "c++20",
            "cStandard": "c17",
            "defines": [
                "BS_THREAD_POOL_NATIVE_EXTENSIONS"
            ],
            "includePath": [
                "${workspaceFolder}/**"
            ],
            "intelliSenseMode": "windows-msvc-x64",
            "name": "MSVC C++20"
        },
        {
            "browse": {
                "limitSymbolsToIncludedHeaders": true
            },
            "compilerPath": "C:/Program Files/Microsoft Visual Studio/2022/Community/VC/Tools/MSVC/14.42.34433/bin/Hostx64/x64/cl.exe",
            "cppStandard": "c++23",
            "cStandard": "c23",
            "defines": [
                "BS_THREAD_POOL_NATIVE_EXTENSIONS"
            ],
            "includePath": [
                "${workspaceFolder}/**"
            ],
            "intelliSenseMode": "windows-msvc-x64",
            "name": "MSVC C++23"
        }
    ],
    "version": 4
}
